Price_per_month,Agent,Beds,Baths,Size_m2,Details
110.000,Developpe Toi,1,1,15.00,Le quartier est bitum√© et accessible. Une pi√®ce de vie pour passer des moments sp√©ciaux. Une cour avant. Une cour arri√®re. Une cuisine pour cuisiner des plats s...
240.000,Developpe Toi,2,2,15.00,Un appartement de 3 PCS situ√© dans un immeuble au deuxi√®me √©tage. Un salon. Un balcon. Une cuisine. Deux chambres dont une autonome. Une douche visiteur. Des co...
150.000,WCE,3,3.5,250.00,"La villa se trouve dans le paisible quartier de la Riviera 3 non loin des ·∫∫coles et Lyc√©es Internationaux, Blaise Pascal, Jacques Pr√©vert, Jean Mermoz et ICSA e..."
25.000,IKIMMOBILIERCOTEDIVOIRE,1,1,50.00,R√©sidence Saphir Marcory REMBLAIS derri√®re le YOTA avec wifi et un abonnement NETFLIX. PRIX: 25.000 par jour et N√©gociable pour long s√©jour. IK IMMOBILIER COTE...
25.000,IKIMMOBILIERCOTEDIVOIRE,1,1,9.00,"R√©sidence Saphir Marcory dans la belle cit√© de Hibiscus une 2 pi√®ces dans une cit√© calme, propre et s√©curis√©e avec toutes les commodit√©s. PRIX: 25.000 par jour..."
25.000,IKIMMOBILIERCOTEDIVOIRE,1,1,9.00,R√©sidence Saphir Marcory REMBLAIS derri√®re le YOTA avec wifi et un abonnement NETFLIX. PRIX: 25.000 par jour et N√©gociable pour long s√©jour. IK IMMOBILIER COTE...
1.500.000,IKIMMOBILIERCOTEDIVOIRE,5,3,300.00,Cocody Riviera 4. Cit√© Ciad Primo. Zone Ecole Libannaise. Une belle villa duplex d‚Äôun excellent standing. 6 Pieces: 1 Sejour/salle a manger 5 chambres aut...
1.500.000,IKIMMOBILIERCOTEDIVOIRE,5,2,350.00,MAISON VUE SUR LA MER A LOUER AVEC LES MEUBLES VILLA DUPLEX 7 PI√àCES ‚Ä¢ 2 chambres (lits King) ‚Ä¢ 2 chambres (lits Queen) ‚Ä¢ Vu sur la mer ‚Ä¢ 1 salon ‚Ä¢ 2 d√©pendance...
5.000.000,IKIMMOBILIERCOTEDIVOIRE,6,3,350.00,"Riviera Golf 4 Duplex de standing (7 pi√®ces) super spacieux en location √† COCODY Riviera Golf 4 dans un secteur hautement s√©curis√© et tr√®s r√©sidentiel. Jardin,..."
250.000,Developpe Toi,2,3,150.00,Un quartier bitum√© et accessible. Un appartement situ√© au deuxi√®me √©tage d‚Äôun immeuble. Un salon. Un balcon. Une cuisine. Deux chambres autonomes. Une douche vi...
30.000,Developpe Toi,1,2,100.00,Une douche visiteur. Une chambre autonome. Un salon. Une cuisine. Un balcon. Des centres commerciaux. Une salle de sport dans le quartier. Des salons de coiffur...
1.500.000,Markoff,3,3,100.00,"[ A LOUER ] üè¢Nous mettons en location un appartement meubl√© de haut standing 4 pi√®ces enti√®rement √©quip√©, situ√© dans un immeuble avec ascenseur. ‚û°Ô∏è TV dans tout..."
70.000,Markoff,2,2,100.00,"[ A LOUER ] üè¢Nous mettons en location un appartement meubl√© 3 pi√®ces enti√®rement √©quip√©, situ√© dans un quartier s√©curis√©. ‚û°Ô∏è 1 Grand salon ‚û°Ô∏è 2 Chambres dont 1..."
800.000,IKIMMOBILIERCOTEDIVOIRE,4,2,150.00,Cocody Riviera 3. Cit√© Selmer. Une villa duplex de 5 pieces: 1 sejour/salle a manger. 4 chambres. Une Cour Avant et arriere. Une terrasses. Un Garages une place...
50.000,IKIMMOBILIERCOTEDIVOIRE,1,1,150.00,R√©sidence Meubl√©e de 2 pi√®ces situ√©e a Bietry avec une piscine commune et toutes les commodit√©s. Prix Journalier: 50.000F N√©gociable pour long s√©jour. NB: La r√©...
70.000,IKIMMOBILIERCOTEDIVOIRE,2,2,175.00,RIVIERA GOLF F3- 9√® en r√©sidence meubl√© parking priv√©-5 pers -2 chambres climatis√©es id√©al pour moyens et longs s√©jours. familiale ou prof-ascenseur-terasse s√©c...
25.000,IKIMMOBILIERCOTEDIVOIRE,1,1,92.00,"RESIDENCE SAPHIR SITUE AU PETIT MARCHE DE MARCORY AVEC PARKING, ASCENSEUR, WIFI ET UN ABONNEMENT NETFLIX PRIX: 25000 NEGOCIABLE POUR LONG SEJOUR ‚òéÔ∏è: 2734770473..."
20.000,IKIMMOBILIERCOTEDIVOIRE,1,1,92.00,RESIDENCE SAPHIR EBATHE SITUE A MARCORY EN FACE DE LA PHARMACIE EBATHE AVEC WIFI ET UN ABONNEMENT NETFLIX PRIX: 20.000 NEGOCIABLE POUR LONG SEJOUR.
2.500.000,Christelle TOURE,4,4,"1,000.00",Duplex de 05 pi√®ces situ√© entre les 2 plateaux Vallons et Aghien : 01 s√©jour 01 cuisine 04 chambres dont une avec toilette externe 01 d√©pendance 01 gu√©rite 01 j...
20.000,,1,2,50.00,Studio americain meubl√© disponible √† la riviera M‚Äôbadon ambassade de chine compos√© comme suit: -1 Petit salon ‚Äì 1 grande chambre autonome climatis√©e...
20.000,,1,1,30.00,"Studio am√©ricain meubl√© disponible √† la Riviera 2, Station First Petroleum compos√© comme suit : ‚Äî une chambre lumineuse climatis√©e ‚Äî Un salon √©quip√©, ‚Äî TV conne..."
600.000,BL√â,6,6,"1,000.00","Magnifique Villa en location meubl√©e ‚Äì Deux plateaux Vallons ‚Äì 600 000 FCFA par jour. La magnifique VILLA LeMan, situ√©e dans le prestigieux quartier des Deux-Pl..."
60.000,Christelle TOURE,2,2,120.00,"Appartement meubl√© cosy situ√©e au 3e √©tage d‚Äôune r√©sidence en bordure de voie compos√© de : 1 sas, 1 s√©jour avec balcon, 1 cuisine, 2 chambres autonomes a..."
650.000,Charles Boga,3,3,200.00,"LOCATION D,UNE VILLA DUPLEX DE 4 PI√àCES DE HAUT STANDING √Ä COCODY ANGR√â Djorogobit√© Caract√©ristiques: -1 salon ‚Äì 3 chambres autonomes ‚Äì 1 cuisine. -..."
210.000,Charles Boga,3,2,160.00,LOCATION APPARTEMENT ‚Äì ADDOHA ‚Äì LOCODJRO ‚Äì (Yopougon) 4 PI√àCES : 3 Chambres ‚Äì 1 Salon Un appartement neuf avec un ascenseur. Caract√©rist...
4.118.000,Batirici Immobilier Gestion,N/A,N/A,N/A,"BUREAU DE 11 POSTES Au c≈ìur du plateau d‚ÄôAbidjan, b√©n√©ficiez d‚Äôun espace de bureaux pouvant contenir 11 postes situ√© au 6 ou 7 √®me √©tage de l‚Äô..."
3.500.000,Maury Sylla,5,7,350.00,"Villa duplex de 8 pi√®ces avec jardin et piscine en location √† la Riviera M‚Äôbadon . La villa est compos√©e de 5 chambres , 2 s√©jours , un bureau , un jardin , une..."
7.000.000,Vinci-dsk holding ¬©,13,9,"2,500.00",üö®üö®üö® #COCODY DANGA Location d‚Äôune grande villa Duplex b√¢ti sur +2500m2 comprenant de 15 spacieuses pi√®ces + d√©pendance et garage +10 v√©hicules DISPONIBLE √†...
4.500.000,Vinci-dsk holding ¬©,8,8,N/A,üö®üö®üö® #2PLATEAUX VALLON #BORDURE VOIE Villa duplex de 10 pi√®ces avec piscine et grand jardin en location aux 2 plateaux vallon. La villa est compos√©e de 6 chambre...
6.000.000,Charles Boga,16,16,"1,100.00",Une Villa Triplex 23 pi√®ces de haut standing √† louer √† Cocody Riviera 3 Superficie: 1106 m√®tre carr√©. Capacit√© du garage: 5 Voitures Condition:2 mois de caution...
10.000.000,Vinci-dsk holding ¬©,N/A,N/A,"7,500.00",üö®üö®üö® #VRIDI ZONE PORTUAIRE *LOCATION DE TERRAINS NUS EN ZONE PORTUAIRE* *SECTEUR: zone portuaire vers la gendarmerie du port*. ‚Äì Deux terrains nus proche l...
200.000,ERIC ASSA,2,2,120.00,YAMOUSSOUKRO 3 pieces de standing sur un R+2 tres spacieuses les pieces sont √©quip√©es en climatisation garage interne s√©curis√©
1.000.000,Constant Koffi,2,3,100.00,Riviera 4 Nouveaux appartements de standing (type F3 et F4) sont disponibles pour location dans un immeuble s√©curis√© avec ascenseur et groupe √©lectrog√®ne √† COCO...
15.000,,1,1,15.00,Cozy r√©sidence meubl√©e √† angr√© 9√®me tranche.15000 FCFA/J Caract√©ristiques de la r√©sidence: -cuisine enti√®rement √©quip√©e -balcon pour prendre de l‚Äôair frai...
2.500.000,Constant Koffi,4,5,150.00,"√Ä 15min du pont HKB, 9min de l‚Äô√©cole Jacques Pr√©vert, 10 min du lyc√©e am√©ricain et 11min du lyc√©e fran√ßais, Mise en location dans un cadre de r√™ve des con..."
1.000.000,ATOME,1,1,100.00,"Nous vous proposons pour vos courts et longs s√©jours, 2 appartements meubl√©s de haut standing situ√©s √† la Riviera non loin du super march√© Cap Nord. Comprenant..."
1.400.000,ATOME,3,3,200.00,n location des appartements de 4 pi√®ces dans un immeuble situ√© √† la Riviera non loin du supermarch√© CAP NORD. Chaque appartement comprend : ‚Äì Un grand sal...
4.500.000,ATOME,8,8,"2,500.00","En location √† la Riviera golf 4 dans une cit√© s√©curis√©e situ√©e pr√®s des √©coles internationales, une villa Duplex de 8 pi√®ces de bon standing. Possibilit√© de lou..."
600.000,ATOME,3,3,200.00,"Nous mettons en location dans un immeuble R+6 de bon standing avec une tr√®s belle vue, des appartements neufs de 2,3 et 4 pi√®ces situ√©s √† la Riviera 4 M‚Äôb..."
3.500.000,,4,6,325.00,"Nous vous proposons un tr√®s appartement √† louer √† Marcory zone 4. L‚Äôappartement est compos√©e de : Une tr√®s tr√®s grande chambre et les autres √©galement , 2..."
